QS302EW - General health;;;;;;
ONS Crown Copyright Reserved [from Nomis on 16 November 2014];;;;;;
;;;;;;
population;All usual residents;;;;;
units;Persons;;;;;
date;2011;;;;;
rural urban;Total;;;;;
;;;;;;
parliamentary constituency 2010;All categories: General health;Very good health;Good health;Fair health;Bad health;Very bad health
Berwick-upon-Tweed;75 718;32 672;26 873;11 694;3 460;1 019
Bishop Auckland;87 143;36 095;29 860;14 243;5 423;1 522
Blaydon;88 281;37 500;30 774;13 749;4 797;1 461
Blyth Valley;82 174;35 493;27 966;12 886;4 553;1 276
City of Durham;94 375;44 496;30 884;13 026;4 694;1 275
Darlington;91 417;40 043;32 349;13 365;4 346;1 314
Easington;82 769;32 823;26 575;14 636;6 750;1 985
Gateshead;94 506;40 296;31 257;14 700;6 297;1 956
Hartlepool;92 028;39 816;30 117;14 607;5 789;1 699
Hexham;76 236;36 242;26 289;10 278;2 741;686
Houghton and Sunderland South;87 002;36 292;28 422;14 404;6 116;1 768
Jarrow;83 260;35 804;27 798;13 048;5 113;1 497
Middlesbrough;93 865;41 775;30 931;13 623;5 694;1 842
Middlesbrough South and East Cleveland;92 826;41 784;30 849;13 625;5 100;1 468
Newcastle upon Tyne Central;93 693;44 269;29 816;12 680;5 309;1 619
Newcastle upon Tyne East;95 589;48 246;29 764;11 673;4 545;1 361
Newcastle upon Tyne North;90 895;41 418;29 516;13 665;4 939;1 357
North Durham;86 883;36 338;29 625;13 958;5 375;1 587
North Tyneside;102 042;44 131;34 394;15 849;5 916;1 752
North West Durham;92 119;39 252;31 033;14 725;5 530;1 579
Redcar;86 898;36 581;29 359;13 920;5 391;1 647
Sedgefield;84 100;35 372;28 437;13 567;5 213;1 511
South Shields;82 294;35 065;26 839;13 361;5 339;1 690
Stockton North;92 033;39 869;31 297;13 957;5 274;1 636
Stockton South;99 577;48 942;32 985;12 428;4 022;1 200
Sunderland Central;99 885;43 157;32 526;15 784;6 405;2 013
Tynemouth;98 759;45 900;32 561;14 307;4 722;1 269
Wansbeck;81 900;34 583;27 330;13 722;4 887;1 378
Washington and Sunderland West;88 619;37 916;29 609;13 763;5 634;1 697
Altrincham and Sale West;96 591;52 489;29 621;10 478;3 126;877
Ashton-under-Lyne;90 484;38 919;30 741;13 934;5 435;1 455
Barrow and Furness;88 826;38 578;29 668;13 715;5 376;1 489
Birkenhead;88 818;39 642;27 802;13 387;6 183;1 804
Blackburn;107 246;47 741;35 827;15 393;6 434;1 851
Blackley and Broughton;110 754;51 041;34 339;15 657;7 419;2 298
Blackpool North and Cleveleys;83 391;33 363;28 233;14 185;5 860;1 750
Blackpool South;81 266;32 447;27 499;13 645;5 889;1 786
Bolton North East;95 288;42 444;32 300;13 922;5 189;1 433
Bolton South East;101 747;44 947;34 369;14 910;5 882;1 639
Bolton West;94 523;44 288;32 038;12 751;4 383;1 063
Bootle;98 449;43 719;30 951;14 933;6 831;2 015
Burnley;87 059;37 372;29 286;13 682;5 213;1 506
Bury North;87 218;40 959;29 395;11 936;3 889;1 039
Bury South;97 842;46 169;32 239;13 494;4 650;1 290
Carlisle;85 979;38 542;30 080;12 052;4 087;1 218
Cheadle;91 023;46 185;29 677;11 141;3 154;866
Chorley;94 932;45 447;31 549;12 623;4 156;1 157
City of Chester;92 995;46 094;30 489;11 444;3 839;1 129
Congleton;91 960;44 111;31 354;11 966;3 548;981
Copeland;80 891;36 298;27 602;11 787;4 075;1 129
Crewe and Nantwich;107 271;50 736;36 475;14 292;4 509;1 259
Denton and Reddish;85 832;37 850;29 344;12 743;4 598;1 297
Eddisbury;85 633;41 659;28 393;11 077;3 553;951
Ellesmere Port and Neston;86 913;41 092;28 783;11 706;4 145;1 187
Fylde;81 914;37 174;27 519;12 225;3 902;1 094
Garston and Halewood;97 697;45 437;29 476;14 157;6 630;1 997
Halton;94 995;44 013;30 121;13 492;5 862;1 507
Hazel Grove;79 173;36 883;26 611;11 025;3 643;1 011
Heywood and Middleton;103 894;46 930;33 982;15 287;6 042;1 653
Hyndburn;92 494;40 083;31 624;13 851;5 428;1 508
Knowsley;103 910;46 944;30 934;15 655;7 962;2 415
Lancaster and Fleetwood;86 650;41 435;28 537;11 505;3 945;1 228
Leigh;102 997;46 915;34 011;14 784;5 776;1 511
Liverpool, Riverside;114 920;57 986;34 458;13 663;6 716;2 097
Liverpool, Walton;91 876;39 374;28 279;14 714;7 298;2 211
Liverpool, Wavertree;91 501;43 588;28 449;12 519;5 329;1 616
Liverpool, West Derby;90 537;41 534;27 468;12 999;6 395;2 141
Macclesfield;93 268;46 016;30 956;11 893;3 469;934
Makerfield;98 202;45 543;31 862;14 068;5 361;1 368
Manchester Central;134 326;67 404;42 395;15 474;6 810;2 243
Manchester, Gorton;111 198;54 261;36 223;13 396;5 576;1 742
Manchester, Withington;99 212;53 416;29 827;10 669;3 964;1 336
Morecambe and Lunesdale;87 683;38 074;30 191;13 534;4 612;1 272
Oldham East and Saddleworth;101 601;46 700;33 728;14 369;5 376;1 428
Oldham West and Royton;102 616;45 631;34 293;15 344;5 663;1 685
Pendle;89 452;38 965;30 826;13 431;4 921;1 309
Penrith and The Border;81 880;37 781;28 959;11 299;3 062;779
Preston;94 780;42 075;32 926;13 232;5 125;1 422
Ribble Valley;96 929;48 382;32 017;12 209;3 458;863
Rochdale;107 805;47 303;36 176;16 016;6 411;1 899
Rossendale and Darwen;96 465;45 364;31 677;13 309;4 841;1 274
Salford and Eccles;108 546;48 969;36 103;15 141;6 459;1 874
Sefton Central;84 960;40 877;27 367;11 720;3 937;1 059
South Ribble;97 371;46 358;33 039;12 895;3 976;1 103
Southport;90 381;39 473;30 797;13 967;4 781;1 363
St Helens North;96 518;43 307;30 908;14 387;6 241;1 675
St Helens South and Whiston;100 657;45 580;31 648;14 946;6 586;1 897
Stalybridge and Hyde;91 740;41 560;30 514;13 275;4 986;1 405
Stockport;85 027;39 702;28 248;11 557;4 321;1 199
Stretford and Urmston;98 749;46 778;32 084;13 525;4 983;1 379
Tatton;84 287;43 247;26 785;10 335;3 048;872
Wallasey;89 444;39 825;29 089;13 191;5 672;1 667
Warrington North;95 213;45 029;31 873;12 542;4 495;1 274
Warrington South;107 015;55 705;34 350;11 904;3 971;1 085
Weaver Vale;88 159;43 088;28 369;11 209;4 265;1 228
West Lancashire;94 797;45 215;30 913;12 584;4 691;1 394
Westmorland and Lonsdale;83 919;39 421;29 582;11 300;2 867;749
Wigan;101 878;45 694;33 119;15 501;5 986;1 578
Wirral South;72 312;35 393;23 181;9 504;3 240;994
Wirral West;69 209;33 168;22 013;9 605;3 353;1 070
Workington;78 363;34 398;26 898;11 813;4 137;1 117
Worsley and Eccles South;98 824;45 272;32 166;14 158;5 647;1 581
Wyre and Preston North;88 464;42 301;29 603;12 004;3 508;1 048
Wythenshawe and Sale East;105 438;48 889;34 073;14 551;6 044;1 881
Barnsley Central;85 714;35 714;29 254;13 827;5 468;1 451
Barnsley East;90 434;37 113;29 909;15 307;6 361;1 744
Batley and Spen;107 899;48 882;37 585;15 150;4 985;1 297
Beverley and Holderness;99 748;45 558;34 704;14 078;4 175;1 233
Bradford East;113 820;49 666;40 873;15 958;5 597;1 726
Bradford South;101 545;43 689;36 513;14 775;5 120;1 448
Bradford West;114 761;50 348;41 334;15 682;5 692;1 705
Brigg and Goole;86 706;38 148;30 881;12 813;3 759;1 105
Calder Valley;102 961;49 272;34 555;13 763;4 210;1 161
Cleethorpes;93 593;41 678;32 764;13 713;4 254;1 184
Colne Valley;109 201;51 310;38 015;14 196;4 400;1 280
Dewsbury;110 062;50 327;38 551;15 006;4 801;1 377
Don Valley;98 521;42 754;33 319;15 195;5 596;1 657
Doncaster Central;104 950;46 096;36 550;15 431;5 344;1 529
Doncaster North;98 931;42 888;33 114;15 122;6 042;1 765
East Yorkshire;100 377;42 407;35 441;16 149;4 927;1 453
Elmet and Rothwell;99 623;47 657;33 935;12 989;3 962;1 080
Great Grimsby;88 243;38 335;31 104;13 269;4 285;1 250
Halifax;100 865;45 177;35 452;14 328;4 719;1 189
Haltemprice and Howden;88 519;42 743;30 445;11 620;2 888;823
Harrogate and Knaresborough;101 334;51 096;34 098;12 191;3 090;859
Hemsworth;93 719;39 383;30 957;14 971;6 433;1 975
Huddersfield;95 296;41 847;33 580;13 690;4 844;1 335
Keighley;97 150;44 771;34 152;13 135;3 954;1 138
Kingston upon Hull East;91 937;39 147;31 873;14 138;5 230;1 549
Kingston upon Hull North;94 813;43 243;32 915;12 785;4 526;1 344
Kingston upon Hull West and Hessle;84 656;35 210;29 964;13 194;4 868;1 420
Leeds Central;132 877;62 900;45 460;16 377;6 311;1 829
Leeds East;94 469;42 249;32 138;13 624;4 942;1 516
Leeds North East;91 640;45 824;29 597;11 389;3 680;1 150
Leeds North West;84 571;44 279;27 758;9 217;2 557;760
Leeds West;92 806;41 869;32 396;12 824;4 445;1 272
Morley and Outwood;96 493;45 472;33 468;12 600;3 905;1 048
Normanton, Pontefract and Castleford;107 195;44 867;36 097;17 288;6 980;1 963
Penistone and Stocksbridge;87 221;39 402;29 762;12 691;4 213;1 153
Pudsey;88 855;44 547;29 726;10 775;2 962;845
Richmond (Yorks);107 301;53 186;36 639;13 115;3 409;952
Rother Valley;94 608;42 325;31 979;13 983;4 941;1 380
Rotherham;89 697;37 818;30 604;13 769;5 736;1 770
Scarborough and Whitby;97 399;41 189;34 465;15 385;5 001;1 359
Scunthorpe;89 055;38 565;32 158;13 096;4 112;1 124
Selby and Ainsty;96 127;47 184;32 767;11 981;3 303;892
Sheffield Central;115 284;60 267;37 404;11 987;4 386;1 240
Sheffield South East;92 918;40 224;31 629;14 374;5 191;1 500
Sheffield, Brightside and Hillsborough;107 139;45 890;36 272;16 621;6 422;1 934
Sheffield, Hallam;89 356;47 617;28 478;9 889;2 665;707
Sheffield, Heeley;93 466;39 862;32 041;14 742;5 284;1 537
Shipley;95 176;45 659;33 159;12 030;3 405;923
Skipton and Ripon;99 266;48 388;34 222;12 502;3 288;866
Thirsk and Malton;96 949;44 483;34 158;13 640;3 643;1 025
Wakefield;95 074;41 536;33 411;14 056;4 834;1 237
Wentworth and Dearne;95 362;39 444;31 897;15 777;6 428;1 816
York Central;104 359;52 361;35 183;12 248;3 538;1 029
York Outer;93 692;46 041;32 526;11 504;2 831;790
Amber Valley;87 883;37 275;31 070;13 865;4 473;1 200
Ashfield;101 914;41 850;35 320;17 042;6 063;1 639
Bassetlaw;103 808;44 382;35 898;16 423;5 529;1 576
Bolsover;94 473;38 555;31 756;16 070;6 352;1 740
Boston and Skegness;101 684;39 918;36 989;17 482;5 725;1 570
Bosworth;98 282;45 241;35 224;13 184;3 653;980
Broxtowe;94 971;44 124;33 131;13 063;3 627;1 026
Charnwood;94 748;44 661;34 327;12 009;2 964;787
Chesterfield;93 248;38 903;32 073;15 260;5 494;1 518
Corby;110 099;51 717;38 765;14 118;4 247;1 252
Daventry;93 850;45 237;33 345;11 345;3 067;856
Derby North;100 323;45 880;35 078;13 648;4 440;1 277
Derby South;109 171;47 488;38 239;16 203;5 597;1 644
Derbyshire Dales;78 673;37 103;27 245;10 762;2 750;813
Erewash;94 050;41 082;33 307;14 241;4 195;1 225
Gainsborough;91 719;40 278;32 963;13 499;3 942;1 037
Gedling;92 533;41 623;32 632;13 428;3 761;1 089
Grantham and Stamford;104 391;48 660;36 761;13 952;3 891;1 127
Harborough;100 662;47 791;35 800;12 757;3 345;969
High Peak;90 892;43 185;30 980;12 011;3 696;1 020
Kettering;93 475;43 038;33 973;12 039;3 477;948
Leicester East;108 520;46 302;39 228;15 905;5 343;1 742
Leicester South;119 287;56 460;41 547;14 759;4 892;1 629
Leicester West;102 032;45 346;36 776;13 614;4 737;1 559
Lincoln;106 334;47 599;38 511;14 607;4 348;1 269
Loughborough;99 177;48 435;34 356;12 135;3 337;914
Louth and Horncastle;96 885;37 533;34 488;17 286;5 852;1 726
Mansfield;104 466;43 295;35 895;16 922;6 476;1 878
Mid Derbyshire;84 158;39 671;29 265;11 290;3 117;815
Newark;98 937;46 036;34 431;13 653;3 731;1 086
North East Derbyshire;90 956;39 285;31 142;14 353;4 829;1 347
North West Leicestershire;93 468;42 477;33 202;12 978;3 733;1 078
Northampton North;86 192;38 069;32 098;11 717;3 356;952
Northampton South;93 615;42 505;34 513;11 976;3 578;1 043
Nottingham East;99 302;45 618;34 345;13 160;4 702;1 477
Nottingham North;97 145;40 884;33 168;15 400;5 865;1 828
Nottingham South;109 233;54 536;35 819;13 021;4 496;1 361
Rushcliffe;94 963;49 524;30 882;10 831;2 907;819
Rutland and Melton;100 926;49 881;35 218;12 274;2 799;754
Sherwood;94 210;41 219;32 147;14 578;4 950;1 316
Sleaford and North Hykeham;111 056;50 866;39 045;15 513;4 421;1 211
South Derbyshire;94 611;45 075;32 550;12 348;3 647;991
South Holland and The Deepings;101 584;42 163;37 881;15 609;4 617;1 314
South Leicestershire;100 595;49 105;35 435;12 057;3 144;854
South Northamptonshire;108 562;56 819;37 175;11 150;2 674;744
Wellingborough;106 159;46 640;39 213;14 877;4 171;1 258
Aldridge-Brownhills;76 974;32 856;27 503;11 750;3 755;1 110
Birmingham, Edgbaston;96 568;46 820;31 594;12 429;4 318;1 407
Birmingham, Erdington;97 778;41 609;32 965;15 013;6 188;2 003
Birmingham, Hall Green;115 904;52 434;39 451;15 955;5 952;2 112
Birmingham, Hodge Hill;121 678;52 925;41 642;17 729;6 979;2 403
Birmingham, Ladywood;126 693;60 396;42 265;16 006;5 982;2 044
Birmingham, Northfield;101 422;44 740;34 359;15 126;5 487;1 710
Birmingham, Perry Barr;107 090;46 724;38 185;15 144;5 401;1 636
Birmingham, Selly Oak;104 067;49 995;34 173;13 618;4 787;1 494
Birmingham, Yardley;106 738;45 683;37 190;16 225;5 735;1 905
Bromsgrove;93 637;45 932;31 306;11 885;3 484;1 030
Burton;102 731;46 711;36 854;13 982;4 050;1 134
Cannock Chase;97 462;42 634;34 133;14 091;5 121;1 483
Coventry North East;110 511;49 590;38 310;15 017;5 847;1 747
Coventry North West;100 872;46 056;35 200;13 733;4 535;1 348
Coventry South;105 577;50 302;36 305;13 256;4 383;1 331
Dudley North;81 218;33 754;28 583;12 947;4 602;1 332
Dudley South;79 648;32 753;28 865;12 570;4 260;1 200
Halesowen and Rowley Regis;87 319;37 578;30 739;13 229;4 531;1 242
Hereford and South Herefordshire;97 492;44 482;34 313;13 500;3 962;1 235
Kenilworth and Southam;82 175;41 076;28 399;9 624;2 403;673
Lichfield;92 985;43 842;32 267;12 178;3 617;1 081
Ludlow;84 857;37 994;30 260;12 131;3 446;1 026
Meriden;107 857;51 248;36 563;14 098;4 562;1 386
Mid Worcestershire;94 454;43 702;33 644;12 586;3 580;942
Newcastle-under-Lyme;88 945;39 979;30 475;12 693;4 542;1 256
North Herefordshire;85 985;39 392;30 181;12 017;3 479;916
North Shropshire;104 268;48 896;36 024;14 092;4 114;1 142
North Warwickshire;90 034;39 852;31 236;13 135;4 486;1 325
Nuneaton;91 086;40 806;32 348;12 648;4 082;1 202
Redditch;89 677;42 166;31 222;11 535;3 679;1 075
Rugby;96 549;45 308;34 276;12 476;3 509;980
Shrewsbury and Atcham;102 382;48 458;35 525;13 363;3 896;1 140
Solihull;98 817;46 949;34 120;12 958;3 679;1 111
South Staffordshire;93 655;42 300;33 191;13 014;3 918;1 232
Stafford;95 255;43 757;34 132;12 617;3 710;1 039
Staffordshire Moorlands;77 523;34 128;27 273;11 574;3 515;1 033
Stoke-on-Trent Central;83 104;35 249;28 969;12 387;4 963;1 536
Stoke-on-Trent North;96 715;40 236;33 409;15 115;6 148;1 807
Stoke-on-Trent South;89 539;37 584;31 101;13 845;5 393;1 616
Stone;84 249;38 860;29 491;11 385;3 452;1 061
Stourbridge;90 024;39 383;32 253;13 188;4 091;1 109
Stratford-on-Avon;88 490;42 646;30 651;11 363;3 032;798
Sutton Coldfield;95 107;47 242;32 080;11 537;3 276;972
Tamworth;95 334;43 795;33 533;12 715;4 068;1 223
Telford;90 359;40 630;31 290;12 513;4 580;1 346
The Wrekin;90 904;42 770;31 008;11 985;3 966;1 175
Walsall North;93 878;38 845;32 451;15 034;5 799;1 749
Walsall South;98 471;41 824;34 696;14 869;5 414;1 668
Warley;92 201;39 464;31 919;13 886;5 296;1 636
Warwick and Leamington;97 140;48 842;32 941;11 226;3 189;942
West Bromwich East;88 030;36 075;31 161;14 092;5 119;1 583
West Bromwich West;90 191;37 907;31 051;14 065;5 484;1 684
West Worcestershire;91 658;41 746;32 300;12 894;3 541;1 177
Wolverhampton North East;88 737;37 132;31 103;14 002;4 973;1 527
Wolverhampton South East;88 177;35 414;31 289;14 396;5 461;1 617
Wolverhampton South West;84 913;36 810;30 191;12 636;4 068;1 208
Worcester;98 768;46 851;34 497;12 625;3 780;1 015
Wyre Forest;97 975;42 730;34 481;14 881;4 548;1 335
Basildon and Billericay;89 687;42 143;31 215;11 638;3 510;1 181
Bedford;101 066;45 420;37 125;13 342;4 032;1 147
Braintree;97 840;46 737;34 767;12 206;3 283;847
Brentwood and Ongar;92 957;46 869;31 172;11 088;2 996;832
Broadland;95 188;42 538;34 810;13 320;3 423;1 097
Broxbourne;98 790;47 364;34 810;12 108;3 488;1 020
Bury St Edmunds;113 678;54 823;40 034;14 317;3 567;937
Cambridge;114 740;62 611;36 714;11 169;3 332;914
Castle Point;88 011;38 280;31 786;12 963;3 873;1 109
Central Suffolk and North Ipswich;98 935;47 396;34 394;13 044;3 220;881
Chelmsford;105 424;53 123;36 510;11 958;2 993;840
Clacton;85 359;30 065;30 497;17 111;5 829;1 857
Colchester;108 610;53 657;37 458;12 758;3 659;1 078
Epping Forest;95 084;47 114;31 855;11 656;3 448;1 011
Great Yarmouth;97 277;39 204;35 032;16 130;5 330;1 581
Harlow;92 163;41 947;32 967;12 459;3 701;1 089
Harwich and North Essex;91 170;41 759;32 446;12 672;3 369;924
Hemel Hempstead;99 084;48 000;34 535;12 082;3 500;967
Hertford and Stortford;106 711;56 154;35 842;11 091;2 860;764
Hertsmere;100 031;51 558;32 887;11 433;3 208;945
Hitchin and Harpenden;99 607;54 580;31 957;9 892;2 484;694
Huntingdon;112 664;54 785;40 420;13 056;3 438;965
Ipswich;109 003;49 933;39 001;14 549;4 255;1 265
Luton North;98 947;45 704;35 607;12 662;3 788;1 186
Luton South;110 180;51 695;39 794;13 386;3 997;1 308
Maldon;88 797;42 412;31 309;11 220;2 980;876
Mid Bedfordshire;100 121;51 373;34 539;10 814;2 651;744
Mid Norfolk;99 840;43 205;36 644;14 806;4 037;1 148
North East Bedfordshire;102 716;51 002;36 055;11 942;2 952;765
North East Cambridgeshire;112 376;45 323;42 354;18 033;5 214;1 452
North East Hertfordshire;95 286;47 155;33 121;11 311;2 950;749
North Norfolk;84 645;32 608;31 996;14 682;4 149;1 210
North West Cambridgeshire;125 061;60 676;44 250;14 826;4 195;1 114
North West Norfolk;95 124;38 191;35 814;15 229;4 679;1 211
Norwich North;87 352;36 832;32 929;13 003;3 656;932
Norwich South;96 670;44 271;33 548;13 408;4 212;1 231
Peterborough;115 414;48 489;44 293;16 162;5 031;1 439
Rayleigh and Wickford;97 352;46 597;34 167;12 452;3 257;879
Rochford and Southend East;100 083;44 000;35 295;14 654;4 790;1 344
Saffron Walden;101 959;52 695;34 420;11 367;2 747;730
South Basildon and East Thurrock;96 886;44 088;34 318;13 023;4 204;1 253
South Cambridgeshire;109 807;58 306;36 500;11 466;2 749;786
South East Cambridgeshire;114 779;57 995;39 708;13 036;3 181;859
South Norfolk;98 193;45 752;35 097;13 037;3 337;970
South Suffolk;91 752;42 723;32 866;12 193;3 145;825
South West Bedfordshire;102 031;48 292;37 203;12 145;3 419;972
South West Hertfordshire;105 309;55 477;34 876;11 252;2 905;799
South West Norfolk;103 599;43 679;38 287;15 603;4 704;1 326
Southend West;88 884;41 291;30 993;11 955;3 631;1 014
St Albans;97 663;52 661;31 608;10 017;2 646;731
Stevenage;94 192;44 719;33 378;11 843;3 323;929
Suffolk Coastal;98 927;43 193;36 213;14 626;3 909;986
Thurrock;116 255;56 712;39 805;14 064;4 445;1 229
Watford;114 035;56 809;39 860;12 717;3 652;997
Waveney;102 474;42 231;37 073;16 365;5 244;1 561
Welwyn Hatfield;105 354;53 549;35 750;11 863;3 300;892
West Suffolk;113 394;53 822;40 564;13 994;3 922;1 092
Witham;88 429;41 684;31 689;11 126;3 031;899
Barking;122 313;58 600;40 920;15 254;5 767;1 772
Battersea;106 709;63 349;30 849;8 778;2 813;920
Beckenham;87 011;44 797;29 732;9 468;2 360;654
Bermondsey and Old Southwark;126 522;68 584;39 320;12 543;4 548;1 527
Bethnal Green and Bow;125 351;62 384;40 899;13 812;6 060;2 196
Bexleyheath and Crayford;87 848;41 269;30 922;11 366;3 317;974
Brent Central;137 438;66 017;47 196;16 520;5 684;2 021
Brent North;128 484;60 174;46 606;15 304;4 772;1 628
Brentford and Isleworth;128 556;66 609;43 425;13 129;4 138;1 255
Bromley and Chislehurst;88 633;44 236;29 678;10 591;3 137;991
Camberwell and Peckham;125 226;64 895;39 674;14 009;4 920;1 728
Carshalton and Wallington;95 322;45 652;34 140;11 426;3 187;917
Chelsea and Fulham;105 697;63 166;29 155;9 047;3 228;1 101
Chingford and Woodford Green;88 149;42 173;30 305;11 231;3 379;1 061
Chipping Barnet;111 973;56 635;37 297;12 797;3 943;1 301
Cities of London and Westminster;110 000;61 588;33 414;9 918;3 722;1 358
Croydon Central;114 705;54 160;40 883;14 187;4 217;1 258
Croydon North;136 044;64 462;48 468;16 339;5 119;1 656
Croydon South;112 629;55 962;39 283;12 947;3 398;1 039
Dagenham and Rainham;102 090;46 362;35 715;14 096;4 587;1 330
Dulwich and West Norwood;110 542;58 973;35 159;11 276;3 862;1 272
Ealing Central and Acton;119 419;63 159;39 006;11 807;4 154;1 293
Ealing North;121 117;56 979;43 638;14 559;4 496;1 445
Ealing, Southall;97 913;46 247;34 068;12 055;4 167;1 376
East Ham;149 842;72 909;51 660;16 993;6 094;2 186
Edmonton;112 059;50 450;39 745;14 937;5 147;1 780
Eltham;89 759;41 858;31 071;11 688;4 003;1 139
Enfield North;103 053;48 134;36 398;13 047;4 197;1 277
Enfield, Southgate;97 354;47 767;33 251;11 715;3 496;1 125
Erith and Thamesmead;110 151;55 365;36 432;12 635;4 346;1 373
Feltham and Heston;125 401;57 833;45 639;15 423;4 947;1 559
Finchley and Golders Green;120 608;64 220;38 434;12 752;3 916;1 286
Greenwich and Woolwich;112 628;58 879;35 959;12 052;4 333;1 405
Hackney North and Stoke Newington;128 036;68 885;38 343;13 230;5 500;2 078
Hackney South and Shoreditch;118 234;59 557;37 356;13 607;5 683;2 031
Hammersmith;118 236;64 298;35 817;11 877;4 569;1 675
Hampstead and Kilburn;129 989;71 371;39 682;12 669;4 707;1 560
Harrow East;103 761;48 030;37 502;13 009;3 937;1 283
Harrow West;104 165;50 282;37 670;11 716;3 436;1 061
Hayes and Harlington;110 133;52 219;39 446;13 048;4 141;1 279
Hendon;123 805;62 598;41 777;13 623;4 338;1 469
Holborn and St Pancras;135 642;69 825;42 019;15 201;6 350;2 247
Hornchurch and Upminster;102 846;46 743;36 516;14 062;4 247;1 278
Hornsey and Wood Green;125 689;66 934;40 359;12 506;4 375;1 515
Ilford North;102 589;48 016;36 347;12 867;4 133;1 226
Ilford South;131 035;62 771;46 173;15 621;4 929;1 541
Islington North;103 469;52 844;31 981;11 924;4 995;1 725
Islington South and Finsbury;102 656;53 542;31 401;11 189;4 776;1 748
Kensington;117 209;67 336;33 591;10 728;4 091;1 463
Kingston and Surbiton;118 002;60 315;40 558;12 691;3 479;959
Lewisham East;102 206;48 953;34 896;12 729;4 185;1 443
Lewisham West and Penge;105 993;52 109;35 995;12 570;4 073;1 246
Lewisham, Deptford;112 827;56 800;38 350;12 241;4 119;1 317
Leyton and Wanstead;104 183;50 758;36 496;11 868;3 696;1 365
Mitcham and Morden;103 298;48 665;37 411;12 437;3 677;1 108
Old Bexley and Sidcup;86 168;41 593;29 937;10 660;3 109;869
Orpington;88 607;43 531;30 773;10 788;2 785;730
Poplar and Limehouse;128 745;66 084;42 310;13 250;5 168;1 933
Putney;93 396;53 127;28 202;8 471;2 767;829
Richmond Park;116 846;68 505;34 807;9 997;2 690;847
Romford;95 894;45 245;33 947;12 122;3 549;1 031
Ruislip, Northwood and Pinner;93 716;46 306;32 792;10 860;2 893;865
Streatham;115 046;61 240;37 157;11 578;3 847;1 224
Sutton and Cheam;94 824;47 016;33 423;10 701;2 885;799
Tooting;106 890;59 722;32 884;10 050;3 169;1 065
Tottenham;129 237;59 551;45 208;15 938;6 275;2 265
Twickenham;112 202;62 729;35 321;10 399;2 886;867
Uxbridge and South Ruislip;101 217;50 521;35 306;11 188;3 286;916
Vauxhall;114 033;60 838;35 980;11 717;4 096;1 402
Walthamstow;111 263;52 164;40 228;13 016;4 395;1 460
West Ham;158 142;76 360;54 889;17 846;6 669;2 378
Westminster North;116 771;61 332;34 767;12 752;5 731;2 189
Wimbledon;96 395;55 226;29 687;8 588;2 253;641
Aldershot;103 922;51 994;37 047;11 165;2 883;833
Arundel and South Downs;97 267;47 668;33 881;11 812;3 038;868
Ashford;112 940;53 859;39 504;14 359;4 004;1 214
Aylesbury;108 027;54 918;37 240;12 008;3 011;850
Banbury;117 928;59 637;40 705;13 064;3 568;954
Basingstoke;107 996;54 373;38 121;11 637;3 011;854
Beaconsfield;99 387;51 967;33 272;10 540;2 807;801
Bexhill and Battle;100 727;42 819;36 191;15 792;4 620;1 305
Bognor Regis and Littlehampton;98 433;40 945;36 262;15 426;4 489;1 311
Bracknell;104 849;54 182;36 356;10 758;2 742;811
Brighton, Kemptown;91 567;41 313;31 073;12 894;4 851;1 436
Brighton, Pavilion;103 593;53 257;35 131;10 712;3 499;994
Buckingham;97 184;50 959;32 576;10 494;2 457;698
Canterbury;109 280;53 004;37 450;13 686;4 013;1 127
Chatham and Aylesford;97 281;44 822;35 218;12 428;3 720;1 093
Chesham and Amersham;92 635;49 848;30 368;9 433;2 334;652
Chichester;104 374;49 443;36 584;13 837;3 512;998
Crawley;106 597;50 751;38 279;12 856;3 679;1 032
Dartford;103 200;49 996;36 021;12 591;3 538;1 054
Dover;97 620;42 098;34 523;14 787;4 899;1 313
East Hampshire;95 282;48 151;33 088;10 560;2 714;769
East Surrey;105 074;52 730;36 465;11 952;3 034;893
East Worthing and Shoreham;96 024;42 665;34 680;13 629;3 994;1 056
Eastbourne;106 852;45 822;37 940;16 516;5 037;1 537
Eastleigh;103 763;50 666;36 759;12 131;3 264;943
Epsom and Ewell;104 197;54 407;35 164;11 085;2 792;749
Esher and Walton;109 074;60 995;34 081;10 552;2 713;733
Fareham;97 504;47 757;34 254;11 642;2 981;870
Faversham and Mid Kent;92 804;44 299;32 416;11 695;3 424;970
Folkestone and Hythe;112 985;47 846;40 880;17 133;5 480;1 646
Gillingham and Rainham;98 830;45 361;35 629;12 929;3 870;1 041
Gosport;96 699;43 860;34 945;13 220;3 723;951
Gravesham;101 720;47 298;35 572;13 629;4 104;1 117
Guildford;105 647;57 179;34 913;10 370;2 481;704
Hastings and Rye;107 984;43 496;39 396;17 273;6 022;1 797
Havant;91 875;40 555;32 632;13 258;4 135;1 295
Henley;97 812;52 000;32 257;10 347;2 490;718
Horsham;103 692;53 735;35 582;10 930;2 692;753
Hove;99 753;49 214;33 328;12 069;3 949;1 193
Isle of Wight;138 265;56 420;50 514;22 378;6 921;2 032
Lewes;88 192;39 382;31 583;12 718;3 516;993
Maidenhead;101 770;54 789;33 416;10 202;2 647;716
Maidstone and The Weald;100 048;48 419;34 960;12 383;3 321;965
Meon Valley;89 863;44 747;31 138;10 512;2 715;751
Mid Sussex;105 781;54 609;36 217;11 168;2 934;853
Milton Keynes North;121 798;61 129;42 938;12 908;3 777;1 046
Milton Keynes South;127 023;63 697;43 840;14 021;4 178;1 287
Mole Valley;95 033;49 605;31 710;10 471;2 612;635
New Forest East;92 346;43 046;33 135;11 996;3 270;899
New Forest West;84 116;36 625;30 167;12 875;3 445;1 004
Newbury;107 491;55 517;36 899;11 645;2 677;753
North East Hampshire;96 089;53 157;31 569;8 833;1 990;540
North Thanet;93 505;38 478;32 990;15 285;5 257;1 495
North West Hampshire;100 986;49 794;35 631;11 744;3 041;776
Oxford East;120 705;65 119;39 054;11 892;3 539;1 101
Oxford West and Abingdon;105 985;56 540;35 302;10 702;2 674;767
Portsmouth North;97 425;45 607;34 274;12 500;3 905;1 139
Portsmouth South;107 631;52 188;37 169;12 964;4 090;1 220
Reading East;108 794;56 790;37 818;10 796;2 719;671
Reading West;101 477;48 809;36 675;11 862;3 208;923
Reigate;100 833;52 565;33 797;10 763;2 828;880
Rochester and Strood;105 271;48 253;38 241;13 607;4 034;1 136
Romsey and Southampton North;88 240;45 346;29 830;9 821;2 515;728
Runnymede and Weybridge;102 311;54 204;33 925;10 575;2 871;736
Sevenoaks;93 431;48 062;31 071;10 573;2 886;839
Sittingbourne and Sheppey;108 105;47 230;39 049;15 435;4 934;1 457
Slough;134 048;64 205;48 138;15 627;4 740;1 338
South Thanet;96 600;40 257;33 961;15 575;5 287;1 520
South West Surrey;103 129;55 291;33 756;10 716;2 612;754
Southampton, Itchen;102 731;47 163;36 616;13 418;4 215;1 319
Southampton, Test;105 955;51 131;36 705;12 768;4 100;1 251
Spelthorne;95 598;45 929;34 239;11 509;3 085;836
Surrey Heath;105 624;55 560;35 614;10 833;2 813;804
Tonbridge and Malling;98 975;50 543;33 259;11 459;2 951;763
Tunbridge Wells;105 070;54 042;35 334;11 684;3 202;808
Wantage;106 589;55 320;35 942;11 631;2 859;837
Wealden;101 372;50 067;35 023;12 119;3 255;908
Winchester;97 303;51 271;32 180;10 504;2 632;716
Windsor;102 327;56 862;32 692;9 525;2 523;725
Witney;104 779;53 984;35 438;11 685;2 942;730
Woking;105 870;55 224;36 355;10 728;2 758;805
Wokingham;101 114;55 484;33 645;9 293;2 099;593
Worthing West;94 724;39 149;34 898;15 178;4 307;1 192
Wycombe;108 050;55 209;37 430;11 512;2 998;901
Bath;88 859;46 408;28 779;10 008;2 881;783
Bournemouth East;102 152;47 706;35 116;13 580;4 465;1 285
Bournemouth West;98 968;44 869;34 388;13 943;4 413;1 355
Bridgwater and West Somerset;106 450;46 112;38 233;16 045;4 796;1 264
Bristol East;95 368;42 758;33 967;13 083;4 293;1 267
Bristol North West;100 809;48 122;33 675;13 189;4 534;1 289
Bristol South;107 365;48 388;36 777;15 015;5 493;1 692
Bristol West;124 692;69 756;38 864;11 159;3 736;1 177
Camborne and Redruth;85 436;38 182;28 249;13 008;4 576;1 421
Central Devon;88 926;41 786;30 922;12 109;3 209;900
Cheltenham;104 867;52 680;35 794;12 200;3 307;886
Chippenham;96 336;47 241;33 117;11 887;3 280;811
Christchurch;83 596;34 550;30 474;13 791;3 780;1 001
Devizes;97 028;50 783;32 271;10 659;2 666;649
East Devon;93 956;42 691;33 252;13 393;3 570;1 050
Exeter;105 998;52 831;35 280;12 724;3 971;1 192
Filton and Bradley Stoke;92 651;46 415;32 049;10 509;2 832;846
Forest of Dean;86 167;38 381;30 807;12 362;3 637;980
Gloucester;112 156;51 970;39 810;14 756;4 348;1 272
Kingswood;87 190;42 215;30 382;10 596;3 120;877
Mid Dorset and North Poole;80 793;38 857;28 338;10 146;2 712;740
Newton Abbot;85 699;37 602;30 072;13 026;3 840;1 159
North Cornwall;87 562;38 817;29 894;13 375;4 224;1 252
North Devon;93 667;43 441;31 704;13 264;4 064;1 194
North Dorset;95 831;46 191;33 588;12 116;3 119;817
North East Somerset;87 157;42 474;30 070;10 848;2 950;815
North Somerset;98 278;48 758;33 566;11 898;3 139;917
North Swindon;107 337;52 360;37 581;12 744;3 726;926
North Wiltshire;88 566;46 092;29 125;10 033;2 560;756
Plymouth, Moor View;91 528;39 613;30 719;14 067;5 527;1 602
Plymouth, Sutton and Devonport;110 199;52 339;36 706;14 379;5 275;1 500
Poole;95 242;44 034;33 010;13 135;3 856;1 207
Salisbury;91 498;44 707;31 137;11 647;3 065;942
Somerton and Frome;103 233;48 429;36 485;13 560;3 738;1 021
South Dorset;91 999;39 504;33 713;13 583;3 984;1 215
South East Cornwall;88 096;39 344;30 517;12 937;4 067;1 231
South Swindon;101 819;48 571;36 010;12 312;3 830;1 096
South West Devon;88 825;43 099;30 082;11 357;3 361;926
South West Wiltshire;97 553;45 495;34 712;12 995;3 403;948
St Austell and Newquay;99 026;44 242;33 144;14 999;5 190;1 451
St Ives;85 067;37 918;28 464;13 086;4 336;1 263
Stroud;99 816;47 416;35 323;12 801;3 346;930
Taunton Deane;110 187;51 946;38 014;14 854;4 225;1 148
Tewkesbury;98 134;46 699;34 984;12 338;3 199;914
The Cotswolds;95 844;46 796;33 455;11 860;2 935;798
Thornbury and Yate;82 926;40 511;29 244;9 835;2 604;732
Tiverton and Honiton;97 830;43 157;35 453;14 316;3 885;1 019
Torbay;97 132;41 132;33 211;15 582;5 543;1 664
Torridge and West Devon;97 183;43 137;33 775;14 591;4 442;1 238
Totnes;82 799;35 821;28 910;12 801;4 087;1 180
Truro and Falmouth;89 289;43 391;29 291;12 024;3 567;1 016
Wells;103 319;47 098;35 678;15 028;4 333;1 182
West Dorset;95 460;42 286;34 285;14 092;3 769;1 028
Weston-Super-Mare;104 288;45 045;36 869;15 772;5 137;1 465
Yeovil;106 783;47 915;38 691;14 939;4 135;1 103
Ynys Mon;69 751;33 492;21 309;10 541;3 413;996
Delyn;70 001;33 802;22 441;9 490;3 311;957
Alyn and Deeside;82 505;40 414;27 057;10 624;3 463;947
Wrexham;70 741;33 508;23 117;9 678;3 437;1 001
Llanelli;81 245;36 369;23 759;13 398;5 684;2 035
Gower;77 819;39 108;22 427;10 771;4 099;1 414
Swansea West;80 668;39 516;24 004;10 830;4 699;1 619
Swansea East;80 536;37 671;23 547;11 801;5 675;1 842
Aberavon;66 133;29 464;18 702;10 698;5 489;1 780
Cardiff Central;88 097;46 536;27 978;9 101;3 452;1 030
Cardiff North;88 114;46 344;26 745;10 323;3 580;1 122
Rhondda;69 576;29 036;20 099;12 376;6 299;1 766
Torfaen;81 108;35 135;26 335;12 539;5 342;1 757
Monmouth;83 733;38 460;28 042;12 000;4 020;1 211
Newport East;77 892;35 254;26 018;11 117;4 258;1 245
Newport West;85 401;39 581;27 777;11 837;4 679;1 527
Arfon;60 573;32 204;17 900;7 364;2 377;728
Aberconwy;56 415;26 285;18 403;8 346;2 640;741
Clwyd West;73 920;33 923;23 339;11 351;4 110;1 197
Vale of Clwyd;71 101;32 349;22 108;10 837;4 509;1 298
Dwyfor Meirionnydd;61 301;29 192;19 483;9 229;2 621;776
Clwyd South;71 629;33 602;23 243;10 441;3 413;930
Montgomeryshire;63 779;28 794;22 203;9 174;2 877;731
Ceredigion;75 922;35 796;24 369;10 946;3 660;1 151
Preseli Pembrokeshire;76 587;35 439;24 928;11 423;3 697;1 100
Carmarthen West and South Pembrokeshire;77 338;34 726;24 947;12 135;4 176;1 354
Carmarthen East and Dinefwr;71 046;31 639;21 873;11 739;4 301;1 494
Brecon and Radnorshire;69 197;30 717;23 256;10 683;3 498;1 043
Neath;73 679;33 385;20 992;11 942;5 539;1 821
Cynon Valley;68 952;30 387;20 003;11 334;5 546;1 682
Merthyr Tydfil and Rhymney;75 220;32 588;21 674;12 337;6 520;2 101
Blaenau Gwent;69 814;29 269;21 385;11 696;5 692;1 772
Bridgend;79 873;37 676;24 445;11 563;4 682;1 507
Ogmore;74 738;33 872;21 892;11 557;5 720;1 697
Pontypridd;80 449;38 317;24 764;11 380;4 608;1 380
Caerphilly;86 980;39 814;26 059;13 274;5 990;1 843
Islwyn;75 408;32 928;23 500;12 201;5 242;1 537
Vale of Glamorgan;97 733;46 311;31 797;13 268;4 940;1 417
Cardiff West;91 027;44 122;28 071;12 251;4 931;1 652
Cardiff South and Penarth;107 455;51 672;33 372;14 194;6 033;2 184
;;;;;;
In order to protect against disclosure of personal information, records have been swapped between different geographic areas. Some counts will be affected, particularly small counts at the lowest geographies.;;;;;;
